"","accpt_name","other_name"
"1","Micaelamys granti","Aethomys granti"
"2","Micaelamys namaquensis","Aethomys namaquensis"
"3","Scarturus euphratica","Allactaga euphratica"
"4","Scarturus vinogradovi","Allactaga vinogradovi"
"5","Alouatta juara","Alouatta seniculus"
"6","Microtus afghanus","Blanfordimys afghanus"
"7","Microtus bucharensis","Blanfordimys bucharensis"
"8","Microtus bucharensis","Blanfordimys bucharicus"
"9","Plecturocebus dubius","Callicebus dubius"
"10","Plecturocebus oenanthe","Callicebus oenanthe"
"11","Plecturocebus olallae","Callicebus olallae"
"12","Cebus yuracus","Cebus albifrons"
"13","Cebus trinitatis","Cebus albifrons"
"14","Chlorocebus dryas","Cercopithecus dryas"
"15","Chlorocebus dryas","Cercopithecus salongo"
"16","Cervus hanglu","Cervus elaphus"
"17","Mops aloysiisabaudiae","Chaerephon aloysiisabaudiae"
"18","Mops aloysiisabaudiae","Chaerephon cyclotis"
"19","Mops aloysiisabaudiae","Nyctinomus aloysii-sabaudiæ"
"20","Mops aloysiisabaudiae","Tadarida aloysiisabaudiae"
"21","Mops ansorgei","Chaerephon ansorgei"
"22","Mops ansorgei","Chaerephon rhodesiae"
"23","Mops ansorgei","Nyctinomus ansorgei"
"24","Mops ansorgei","Tadarida ansorgei"
"25","Mops bemmeleni","Chaerephon bemmeleni"
"26","Mops bemmeleni","Nyctinomus bemmeleni"
"27","Mops bemmeleni","Tadarida bemmeleni"
"28","Mops bivittatus","Chaerephon bivittata"
"29","Mops bivittatus","Chaerephon bivittatus"
"30","Mops bivittatus","Nyctinomus bivittatus"
"31","Mops bivittatus","Tadarida bivittata"
"32","Mops bregullae","Chaerephon bregullae"
"33","Mops bregullae","Tadarida bregullae"
"34","Mops chapini","Chaerephon chapini"
"35","Mops chapini","Chaerephon lancasteri"
"36","Mops chapini","Chaerephon shortridgei"
"37","Mops chapini","Tadarida chapini"
"38","Mops chapini","Tadarida shortridgei"
"39","Mops gallagheri","Chaerephon gallagheri"
"40","Mops gallagheri","Tadarida gallagheri"
"41","Mops jobensis","Chaerephon jobensis"
"42","Mops jobensis","Tadarida jobensis"
"43","Mops johorensis","Chaerephon johorensis"
"44","Mops johorensis","Tadarida johorensis"
"45","Mops major","Chaerephon major"
"46","Mops major","Nyctinomus pumilus"
"47","Mops major","Tadarida major"
"48","Mops nigeriae","Chaerephon nigeriae"
"49","Mops nigeriae","Tadarida nigeriae"
"50","Mops nigeriae","Tadarida nigeriae"
"51","Mops plicatus","Chaerephon plicata"
"52","Mops plicatus","Chaerephon plicatus"
"53","Mops plicatus","Dysopes murinus"
"54","Mops plicatus","Nyctinomus bengalensis"
"55","Mops plicatus","Tadarida plicata"
"56","Mops plicatus","Vespertilio plicatus"
"57","Mops pusillus","Chaerephon pumila"
"58","Mops pusillus","Chaerephon pumila"
"59","Mops pusillus","Chaerephon pusilla"
"60","Mops pusillus","Chaerephon pusillus"
"61","Mops pusillus","Dysopes pumilus"
"62","Mops pusillus","Nyctinomus pumilus"
"63","Mops pusillus","Nyctinomus pusillus"
"64","Mops pusillus","Tadarida pumila"
"65","Mops pusillus","Tadarida pumilus"
"66","Mops pusillus","Tadarida pusilla"
"67","Mops russatus","Chaerephon russata"
"68","Mops russatus","Chaerephon russatus"
"69","Mops russatus","Tadarida russata"
"70","Mops solomonis","Chaerephon solomonis"
"71","Mops solomonis","Tadarida solomonis"
"72","Mops tomensis","Chaerephon tomensis"
"73","Mops tomensis","Tadarida tomensis"
"74","Chionomys syriacus","Arvicola nivalis"
"75","Chionomys syriacus","Chionomys nivalis"
"76","Chionomys syriacus","Hypudaeus syriacus"
"77","Chionomys syriacus","Microtus nivalis"
"78","Clethrionomys centralis","Clethrionomys frater"
"79","Clethrionomys centralis","Evotomys centralis"
"80","Clethrionomys centralis","Myodes centralis"
"81","Clethrionomys glareolus","Myodes glareolus"
"82","Craseomys rufocanus","Clethrionomys rufocanus"
"83","Craseomys rufocanus","Clethrionomys sikotanensis"
"84","Craseomys rufocanus","Hypudaeus rufocanus"
"85","Craseomys rufocanus","Myodes rufocanus"
"86","Clethrionomys rutilus","Mus rutilus"
"87","Clethrionomys rutilus","Myodes rutilus"
"88","Brassomys albidens","Coccymys albidens"
"89","Brassomys albidens","Melomys albidens"
"90","Urocricetus alticola","Cricetulus alticola"
"91","Urocricetus kamensis","Cricetulus kamensis"
"92","Nothocricetulus migratorius","Cricetulus migratorius"
"93","Nothocricetulus migratorius","Mus migratorius"
"94","Fukomys mechowii","Cryptomys mechowi"
"95","Fukomys mechowii","Fukomys mechowi"
"96","Diaemus youngii","Desmodus youngii"
"97","Diaemus youngii","Diaemus youngi"
"98","Craseomys regulus","Eothenomys regulus"
"99","Craseomys regulus","Myodes regulus"
"100","Craseomys shanseius","Eothenomys shanseius"
"101","Craseomys shanseius","Myodes shanseius"
"102","Epomophorus dobsonii","Epomops dobsonii"
"103","Rhyneptesicus nasutus","Eptesicus nasutus"
"104","Rhyneptesicus nasutus","Vesperugo nasutus"
"105","Paragalago zanzibaricus","Galagoides zanzibaricus"
"106","Paragalago zanzibaricus","Galago udzungwensis"
"107","Paragalago zanzibaricus","Galago zanzibaricus"
"108","Eudorcas tilonura","Eudorcas rufifrons"
"109","Eudorcas tilonura","Gazella rufifrons"
"110","Gerbillus mackilligini","Gerbillus mackillingini"
"111","Doryrhina camerunensis","Hipposideros camerunensis"
"112","Macronycteris commersonii","Hipposideros commersoni"
"113","Macronycteris commersonii","Macronycteris commersoni"
"114","Doryrhina cyclops","Hipposideros cyclops"
"115","Doryrhina cyclops","Phyllorhina cyclops"
"116","Phoniscus aerosus","Kerivoula aerosa"
"117","Phoniscus aerosus","Phoniscus aerosa"
"118","Gyldenstolpia fronto","Kunsia fronto"
"119","Neodon fuscus","Lasiopodomys fuscus"
"120","Neodon fuscus","Microtus strauchi"
"121","Macaca brunnescens","Macaca ochreata"
"122","Osphranter bernardus","Macropus bernardus"
"123","Notamacropus irma","Halmaturus irma"
"124","Notamacropus irma","Macropus irma"
"125","Notamacropus parma","Macropus parma"
"126","Lyroderma lyra","Encheira lyra"
"127","Lyroderma lyra","Megaderma lyra"
"128","Lyroderma lyra","Megaderma spectrum"
"129","Lyroderma lyra","Vespertilio carnatica"
"130","Nesonycteris woodfordi","Melonycteris aurantius"
"131","Nesonycteris woodfordi","Melonycteris woodfordi"
"132","Nesonycteris fardoulisi","Melonycteris fardoulisi"
"133","Epomophorus intermedius","Micropteropus intermedius"
"134","Epomophorus pusillus","Epomophorus pusillus"
"135","Epomophorus pusillus","Micropteropus pusillus"
"136","Epomophorus minor","Epomophorus pusillus"
"137","Alexandromys evoronensis","Microtus evoronensis"
"138","Alexandromys fortis","Microtus fortis"
"139","Alexandromys fortis","Microtus michnoi"
"140","Alexandromys fortis","Microtus pelliceus"
"141","Alexandromys fortis","Microtus uliginosus"
"142","Lasiopodomys gregalis","Microtus gregalis"
"143","Lasiopodomys gregalis","Microtus gregalis"
"144","Lasiopodomys gregalis","Mus gregalis"
"145","Microtus juldaschi","Arvicola juldaschi"
"146","Microtus juldaschi","Neodon juldaschi"
"147","Alexandromys limnophilus","Microtus limnophilus"
"148","Alexandromys maximowiczii","Arvicola maximowiczii"
"149","Alexandromys maximowiczii","Microtus maximowiczii"
"150","Alexandromys maximowiczii","Microtus michnoi"
"151","Alexandromys middendorffii","Arvicola middendorfii"
"152","Alexandromys middendorffii","Microtus middendorffi"
"153","Alexandromys middendorffii","Microtus middendorffii"
"154","Alexandromys mongolicus","Arvicola mongolicus"
"155","Alexandromys mongolicus","Microtus arvalis"
"156","Alexandromys mongolicus","Microtus mongolicus"
"157","Alexandromys mongolicus","Microtus poljakovi"
"158","Alexandromys mongolicus","Microtus xerophilus"
"159","Alexandromys montebelli","Arvicola montebelli"
"160","Alexandromys montebelli","Microtus montebelli"
"161","Alexandromys mujanensis","Microtus mujanensis"
"162","Alexandromys oeconomus","Microtus oeconomus"
"163","Alexandromys oeconomus","Mus oeconomus"
"164","Microtus mystacinus","Arvicola mystacinus"
"165","Microtus mystacinus","Microtus epiroticus"
"166","Microtus mystacinus","Microtus levis"
"167","Microtus mystacinus","Microtus rossiaemeridionalis"
"168","Microtus mystacinus","Microtus subarvalis"
"169","Alexandromys sachalinensis","Microtus sachalinensis"
"170","Gardnerycteris crenulatum","Mimon crenulatum"
"171","Ozimops beccarii","Mormopterus astrolabiensis"
"172","Ozimops beccarii","Mormopterus beccarii"
"173","Nannospalax ehrenbergi","Spalax ehrenbergi"
"174","Nannospalax xanthodon","Nannospalax nehringi"
"175","Nannospalax xanthodon","Spalax munzuri"
"176","Nannospalax xanthodon","Spalax nehringi"
"177","Nannospalax xanthodon","Spalax xanthodon"
"178","Nannospalax leucodon","Spalax hungaricus"
"179","Nannospalax leucodon","Spalax leucodon"
"180","Nannospalax leucodon","Spalax monticola"
"181","Notopteris macdonaldii","Notopteris macdonaldi"
"182","Oryx dammah","Antilope dammah"
"183","Craseomys andersoni","Evotomys andersoni"
"184","Craseomys andersoni","Myodes andersoni"
"185","Craseomys andersoni","Phaulomys andersoni"
"186","Craseomys smithii","Eothenomys smithii"
"187","Craseomys smithii","Evotomys smithii"
"188","Craseomys smithii","Myodes smithii"
"189","Craseomys smithii","Phaulomys smithii"
"190","Hypsugo affinis","Falsistrellus affinis"
"191","Hypsugo affinis","Pipistrellus affinis"
"192","Hypsugo affinis","Vesperugo affinis"
"193","Hypsugo arabicus","Pipistrellus arabicus"
"194","Hypsugo cadornae","Pipistrellus cadornae"
"195","Parastrellus hesperus","Pipistrellus hesperus"
"196","Hypsugo pulveratus","Hypsugo pulveratus"
"197","Hypsugo pulveratus","Pipistrellus pulveratus"
"198","Perimyotis subflavus","Pipistrellus subflavus"
"199","Presbytis fredericae","Presbytis comata"
"200","Piliocolobus waldroni","Piliocolobus badius"
"201","Piliocolobus waldroni","Piliocolobus waldronae"
"202","Piliocolobus waldroni","Procolobus badius"
"203","Piliocolobus foai","Colobus foai"
"204","Piliocolobus foai","Piliocolobus rufomitratus"
"205","Piliocolobus foai","Procolobus badius"
"206","Piliocolobus foai","Procolobus rufomitratus"
"207","Piliocolobus langi","Piliocolobus foai"
"208","Piliocolobus langi","Colubus langi"
"209","Piliocolobus langi","Piliocolobus foai"
"210","Piliocolobus langi","Piliocolobus rufomitratus"
"211","Piliocolobus langi","Procolobus badius"
"212","Piliocolobus langi","Procolobus rufomitratus"
"213","Piliocolobus lulindicus","Piliocolobus rufomitratus"
"214","Piliocolobus lulindicus","Procolobus badius"
"215","Piliocolobus lulindicus","Procolobus rufomitratus"
"216","Ptenochirus jagorii","Ptenochirus jagori"
"217","Pteropus medius","Pteropus ariel"
"218","Pteropus medius","Pteropus assamensis"
"219","Pteropus medius","Pteropus edwardsi"
"220","Pteropus medius","Pteropus kelaarti"
"221","Pteropus medius","Pteropus leucocephalus"
"222","Pteropus medius","Pteropus medius"
"223","Pteropus medius","Pteropus ruvicollis"
"224","Desmalopex leucopterus","Pteropus leucopterus"
"225","Rhinolophus cornutus","Rhinolophus pusillus"
"226","Baeodon alleni","Rhogeessa alleni"
"227","Baeodon gracilis","Rhogeessa gracilis"
"228","Boneia bidens","Rousettus bidens"
"229","Pilonycteris celebensis","Rousettus celebensis"
"230","Stenonycteris lanosus","Rousettus lanosus"
"231","Leontocebus tripartitus","Saguinus tripartitus"
"232","Leontocebus leucogenys","Saguinus fuscicollis"
"233","Leontocebus cruzlimai","Saguinus fuscicollis"
"234","Tanyuromys aphrastus","Sigmodontomys aphrastus"
"235","Atopogale cubana","Atopogale cubanus"
"236","Atopogale cubana","Solenodon cubanus"
"237","Urocitellus endemicus","Spermophilus brunneus"
"238","Urocitellus endemicus","Urocitellus brunneus"
"239","Tamiops mcclellandii","Tamiops macclellandi"
"240","Cephalopachus bancanus","Tarsius bancanus"
"241","Cephalopachus bancanus","Tarsius natunensis"
"242","Carlito syrichta","Simia syrichta"
"243","Carlito syrichta","Tarsius carbonarius"
"244","Carlito syrichta","Tarsius fraterculus"
"245","Carlito syrichta","Tarsius philippinensis"
"246","Carlito syrichta","Tarsius syrichta"
"247","Semnopithecus vetulus","Trachypithecus vetulus"
"248","Tupaia everetti","Urogale everetti"
"249","Neodon clarkei","Microtus clarkei"
"250","Neodon clarkei","Volemys clarkei"
"251","Alexandromys kikuchii","Microtus kikuchii"
"252","Alexandromys kikuchii","Volemys kikuchii"
"253","Crocidura gueldenstaedtii","Sorex gueldenstaedtii"
"254","Microtus gerbii","Arvicola gerbii"
"255","Microtus gerbii","Microtus gerbei"
"256","Microtus gerbii","Microtus pyrenaicus"
"257","Microtus gerbii","Microtus pyrenaicus"
"258","Craseomys rex","Myodes rex"
"259","Presbytis percura","Presbytis femoralis"
"260","Presbytis robinsoni","Presbytis femoralis"
"261","Presbytis canicrus","Presbytis hosei"
"262","Presbytis canicrus","Semnopithecus canicrus"
"263","Presbytis sabana","Presbytis hosei"
"264","Presbytis sabana","Semnopithecus canicrus"
"265","Presbytis bicolor","Presbytis melalophos"
"266","Presbytis mitrata","Presbytis melalophos"
"267","Presbytis siberu","Presbytis potenziani"
"268","Presbytis siberu","Presbytis potenziani"
"269","Trachypithecus mauritius","Trachypithecus auratus"
"270","Trachypithecus leucocephalus","Trachypithecus poliocephalus"
"271","Trachypithecus margarita","Trachypithecus germaini"
"272","Trachypithecus margarita","Trachypithecus villosus"
"273","Hylobates abbotti","Hylobates cinereus"
"274","Hylobates abbotti","Hylobates muelleri"
"275","Hylobates funereus","Hylobates muelleri"
"276","Lagothrix flavicauda","Lagothrix hendeei"
"277","Lagothrix flavicauda","Oreonax flavicauda"
"278","Lagothrix flavicauda","Oreonax hendeei"
"279","Lagothrix flavicauda","Simia flavicauda"
"280","Plecturocebus ornatus","Callicebus cupreus"
"281","Plecturocebus ornatus","Callicebus ornatus"
"282","Cheracebus medemi","Callicebus medemi"
"283","Cheracebus medemi","Callicebus torquatus"
"284","Leontocebus nigricollis","Saguinus nigricollis"
"285","Pithecia napensis","Pithecia monachus"
"286","Thainycteris aureocollaris","Arielulus aureocollaris"
"287","Mops leucogaster","Chaerephon leucogaster"
"288","Mops leucogaster","Nyctinomus leucogaster"
"289","Mops leucogaster","Tadarida leucogaster"
"290","Notamacropus agilis","Halmaturus agilis"
"291","Notamacropus agilis","Macropus agilis"
"292","Osphranter antilopinus","Macropus antilopinus"
"293","Notamacropus dorsalis","Halmaturus dorsalis"
"294","Notamacropus dorsalis","Macropus dorsalis"
"295","Notamacropus parryi","Halmaturus parryi"
"296","Notamacropus parryi","Macropus parryi"
"297","Osphranter robustus","Macropus robustus"
"298","Notamacropus rufogriseus","Macropus ruficollis"
"299","Notamacropus rufogriseus","Macropus rufogriseus"
"300","Notamacropus rufogriseus","Wallabia rufogriseus"
"301","Osphranter rufus","Kangurus rufus"
"302","Osphranter rufus","Macropus rufus"
"303","Piliocolobus parmentieri","Colobus rufomitratus"
"304","Piliocolobus parmentieri","Procolobus badius"
"305","Piliocolobus parmentieri","Procolobus foai"
"306","Piliocolobus parmentieri","Procolobus rufomitratus"
"307","Paragalago orinus","Galago demidovii"
"308","Paragalago orinus","Galagoides orinus"
"309","Paragalago rondoensis","Galagoides rondoensis"
"310","Paragalago rondoensis","Galago rondoensis"
"311","Geoxus annectens","Pearsonomys annectens"
"312","Sorex monticola","Sorex monticolus"
"313","Diplomesodon pulchellus","Diplomesodon pulchellum"
"314","Diplomesodon pulchellus","Sorex pulchellus"
"315","Notamacropus eugenii","Kangurus eugenii"
"316","Notamacropus eugenii","Macropus eugenii"
"317","Plecturocebus donacophilus","Callicebus donacophilus"
"318","Plecturocebus pallescens","Callicebus pallescens"
"319","Plecturocebus modestus","Callicebus modestus"
"320","Plecturocebus caligatus","Callicebus caligatus"
"321","Plecturocebus caligatus","Callithrix caligata"
"322","Plecturocebus discolor","Callicebus cuprea"
"323","Plecturocebus discolor","Callicebus cupreus"
"324","Plecturocebus discolor","Callicebus cupreus"
"325","Plecturocebus discolor","Callicebus discolor"
"326","Plecturocebus discolor","Callicebus paenulata"
"327","Plecturocebus discolor","Callicebus rutteri"
"328","Plecturocebus discolor","Callicebus subrufus"
"329","Plecturocebus stephennashi","Callicebus stephennashi"
"330","Plecturocebus moloch","Callicebus moloch"
"331","Plecturocebus cinerascens","Callicebus cinerascens"
"332","Plecturocebus cinerascens","Callithrix cinerascens"
"333","Plecturocebus brunneus","Callicebus brunneus"
"334","Plecturocebus hoffmannsi","Callicebus hoffmannsi"
"335","Plecturocebus baptista","Callicebus baptista"
"336","Plecturocebus bernhardi","Callicebus bernhardi"
"337","Cheracebus lugens","Callicebus lugens"
"338","Cheracebus lucifer","Callicebus lucifer"
"339","Cheracebus lucifer","Callicebus torquatus"
"340","Cheracebus regulus","Callicebus regulus"
"341","Cheracebus regulus","Callicebus torquatus"
"342","Callibella humilis","Callithrix humilis"
"343","Callibella humilis","Mico humilis"
"344","Platanista minor","Delphinus gangeticus"
"345","Platanista minor","Platanista gangetica"
"346","Platanista minor","Platanista gangetica"
"347","Platanista minor","Platanista indi"
"348","Heterogeomys lanius","Orthogeomys lanius"
"349","Clethrionomys californicus","Evotomys californicus"
"350","Clethrionomys californicus","Myodes californicus"
"351","Clethrionomys gapperi","Clethrionomys gapperi"
"352","Clethrionomys gapperi","Myodes gapperi"
"353","Leontocebus fuscus","Saguinus fuscicollis"
"354","Leontocebus fuscus","Saguinus fuscus"
"355","Cebus castaneus","Cebus olivaceus"
"356","Leontocebus lagonotus","Saguinus fuscicollis"
"357","Leontocebus illigeri","Saguinus fuscicollis"
"358","Leontocebus illigeri","Saguinus illigeri"
"359","Leontocebus nigrifrons","Leontocebus fuscicollis"
"360","Leontocebus nigrifrons","Saguinus fuscicollis"
"361","Macronycteris gigas","Hipposideros gigas"
"362","Macronycteris thomensis","Hipposideros thomensis"
"363","Semnopithecus johnii","Trachypithecus cucullatus"
"364","Semnopithecus johnii","Trachypithecus johnii"
"365","Semnopithecus johnii","Trachypithecus jubatus"
"366","Semnopithecus johnii","Trachypithecus leonina"
"367","Myonycteris angolensis","Lissonycteris angolensis"
"368","Myonycteris angolensis","Lissonycteris goliath"
"369","Myonycteris angolensis","Lissonycteris petraea"
"370","Myonycteris angolensis","Lissonycteris ruwenzorii"
"371","Myonycteris angolensis","Lissonycteris smithii"
"372","Myonycteris angolensis","Rousettus angolensis"
"373","Hypsugo eisentrauti","Hypsugo eisentrauti"
"374","Hypsugo eisentrauti","Pipistrellus eisentrauti"
"375","Hypsugo musciculus","Pipistrellus musciculus"
"376","Otomys dartmouthi","Otomys typus"
"377","Otomys jacksoni","Otomys typus"
"378","Otomys helleri","Otomys jacksoni"
"379","Otomys uzungwensis","Otomys typus"
"380","Macronycteris vittatus","Hipposideros marungensis"
"381","Macronycteris vittatus","Hipposideros vittatus"
"382","Paragalago cocos","Galagoides cocos"
"383","Paragalago cocos","Galago moholi"
"384","Gardnerycteris koepckeae","Mimon koepckeae"
"385","Cryptotis merus","Cryptotis mera"
"386","Scarturus williamsi","Allactaga williamsi"
"387","Mops jobimena","Chaerephon jobimena"
"388","Mops jobimena","Tadarida jobimena"
"389","Cacajao ayresi","Cacajao ayresi"
"390","Cacajao ayresi","Cacajao melanocephalus"
"391","Notopteris neocaledonicus","Notopteris neocaledonica"
"392","Rattus arfakiensis","Rattus arfakiens"
"393","Hypsugo alaschanicus","Amblyotus velox"
"394","Hypsugo alaschanicus","Pipistrellus alaschanicus"
"395","Lepilemur sahamalaza","Lepilemur sahamalazensis"
"396","Alouatta puruensis","Alouatta puruensis"
"397","Alouatta puruensis","Alouatta seniculus"
"398","Plecturocebus aureipalatii","Callicebus aureipalatii"
"399","Lepilemur ahmansoni","Lepilemur ahmansonori"
"400","Lepilemur ahmansoni","Lepilemur ahmansonorum"
"401","Lepilemur ahmansoni","Lepilemur ahmansorum"
"402","Marmosa paraguayana","Marmosa paraguayanus"
"403","Marmosa paraguayana","Micoureus paraguayanus"
"404","Marmosa paraguayana","Micoureus travassosi"
"405","Colobus caudatus","Colobus guereza"
"406","Cebuella niveiventris","Callithrix pygmaea"
"407","Cebuella niveiventris","Cebuella pygmaea"
"408","Presbytis sumatranus","Presbytis melalophos"
"409","Trachypithecus crepusculus","Trachypithecus phayrei"
"410","Plecturocebus caquetensis","Callicebus caquetensis"
"411","Scarturus toussi","Allactaga toussi"
"412","Scarturus toussi","Paralactaga toussi"
"413","Scarturus elater","Allactaga elater"
"414","Scarturus elater","Dipus elater"
"415","Acomys selousi","Acomys transvaalensis"
"416","Hylomyscus anselli","Hylomyscus denniae"
"417","Hylomyscus anselli","Praomys denniae"
"418","Lophuromys simensis","Lophuromys flavopunctatus"
"419","Otomys fortior","Otomys typus"
"420","Otomys helleri","Otomys jacksoni"
"421","Otomys helleri","Otomys typus"
"422","Otomys thomasi","Otomys typus"
"423","Ovis gmelini","Ovis orientalis"
"424","Ovis gmelini","Ovis orientalis"
"425","Ovis vignei","Ovis orientalis"
"426","Rhinolophus mossambicus","Rhinolophus hildebrandtii"
"427","Neoromicia robertsi","Neoromicia capensis"
"428","Neoromicia robertsi","Neoromicia melckorum"
"429","Mops atsinanana","Chaerephon atsinanana"
"430","Mops atsinanana","Chaerephon pumilus"
"431","Mops pumilus","Chaerephon pumilus"
"432","Mops pumilus","Dysopes pumilus"
"433","Mops pumilus","Tadarida pumila"
"434","Rhinolophus damarensis","Rhinlophus darlingi"
"435","Chiropotes sagulatus","Chiropotes israelita"
"436","Plecturocebus vieirai","Callicebus vieirai"
"437","Pithecia milleri","Pithecia monachus"
"438","Pithecia napensis","Pithecia monachus"
"439","Pithecia monachus","Simia monacha"
"440","Pithecia vanzolinii","Pithecia irrorata"
"441","Saguinus ursulus","Saguinus midas"
"442","Saguinus ursulus","Saguinus niger"
"443","Saguinus ursulus","Saguinus ursula"
"444","Saimiri collinsi","Saimiri sciureus"
"445","Setirostris eleryi","Mormopterus eleryi"
"446","Ozimops lumsdenae","Mormopterus beccarii"
"447","Ozimops lumsdenae","Mormopterus beccarii"
"448","Ozimops lumsdenae","Mormopterus lumsdenae"
"449","Ozimops lumsdenae","Mormopterus sp. 1"
"450","Ozimops kitcheneri","Mormopterus kitcheneri"
"451","Ozimops kitcheneri","Mormopterus planiceps"
"452","Ozimops kitcheneri","Mormopterus sp. 4 (population O)"
"453","Ozimops halli","Mormopterus halli"
"454","Ozimops halli","Mormopterus loriae"
"455","Ozimops halli","Mormopterus sp. 5 (populations S and T)"
"456","Ozimops ridei","Mormopterus loriae"
"457","Ozimops ridei","Mormopterus planiceps"
"458","Ozimops ridei","Mormopterus ridei"
"459","Ozimops ridei","Mormopterus sp. 2"
"460","Ozimops ridei","Tadarida loriae"
"461","Ozimops petersi","Mormopterus petersi"
"462","Ozimops petersi","Mormopterus sp. 3 (populations JKLMN)"
"463","Ozimops petersi","Nyctinomus petersi"
"464","Ozimops cobourgianus","Mormopterus cobourgianus"
"465","Ozimops cobourgianus","Mormopterus loriae"
"466","Ozimops cobourgianus","Tadarida loriae"
"467","Ozimops planiceps","Mormopterus planiceps"
"468","Ozimops planiceps","Nyctinomus planiceps"
"469","Ozimops planiceps","Tadarida planiceps"
"470","Micronomus norfolkensis","Molossus norfolkensis"
"471","Micronomus norfolkensis","Mormopterus norfolkensis"
"472","Coleura kibomalandy","Coleura afra"
"473","Hipposideros ater","Hipposideros nicobarulae"
"474","Paratriaenops furcula","Triaenops furculus"
"475","Paratriaenops pauliani","Triaenops furculus"
"476","Paratriaenops pauliani","Triaenops pauliani"
"477","Cebus imitator","Cebus capucinus"
"478","Cebus kaapori","Cebus olivaceus"
"479","Cebus castaneus","Cebus olivaceus"
"480","Cebus brunneus","Cebus olivaceus"
"481","Cebus olivaceus","Cebus olivaceus"
"482","Miniopterus mahafaliensis","Miniopterus manavi"
"483","Miniopterus aelleni","Miniopterus manavi"
"484","Miniopterus ambohitrensis","Miniopterus aelleni"
"485","Miniopterus griffithsi","Miniopterus gleni"
"486","Miniopterus ambohitrensis","Miniopterus aelleni"
"487","Miniopterus ambohitrensis","Miniopterus manavi"
"488","Miniopterus egeri","Miniopterus manavi"
"489","Miniopterus egeri","Miniopterus petersoni"
"490","Sousa plumbea","Delphinus plumbeus"
"491","Ozimops loriae","Mormopterus loriae"
"492","Ozimops loriae","Nyctinomus loriae"
"493","Rhinolophus belligerator","Rhinolophus arcuatus proconsulis"
"494","Rhinolophus arcuatus","Rhinolophus mcintyrei"
"495","Rhinolophus mcintyrei","Rhinolophus arcuatus"
"496","Rhinolophus mcintyrei","Rhinolophus arcuatus mcintyrei"
"497","Rhinolophus arcuatus","Rhinolophus proconsulis"
"498","Rhinolophus proconsulis","Rhinolophus arcuatus"
"499","Rhinolophus proconsulis","Rhinolophus arcuatus proconsulis"
"500","Rhinolophus tatar","Rhinolophus euryotis"
"501","Rhinolophus siamensis","Rhinolophus huananus"
"502","Rhinolophus microglobosus","Rhinolophus stheno microglobosus"
"503","Balionycteris seimundi","Balionycteris maculata"
"504","Casinycteris campomaanensis","Scotonycteris ophiodon"
"505","Dyacopterus rickarti","Dyacopterus spadiceus"
"506","Pteropus pelagicus","Pteropus insularis"
"507","Pteropus pelagicus","Pteropus phaeocephalus"
"508","Hypsugo bemainty","Hypsugo anchietae"
"509","Hypsugo bemainty","Hypsugo anchietae"
"510","Nyctophilus corbeni","Nyctophilus timoriensis"
"511","Nyctophilus shirleyae","Nyctophilus timoriensis"
"512","Pipistrellus aladdin","Pipistrellus pipistrellus"
"513","Myotis petax","Myotis abei"
"514","Plecotus kozlovi","Plecotus mordax"
"515","Plecotus homochrous","Plecotus puck"
"516","Submyotodon latirostris","Myotis latirostris"
"517","Submyotodon latirostris","Myotis latirostris"
"518","Submyotodon latirostris","Myotis latirostris"
"519","Submyotodon latirostris","Myotis muricola latirostris"
"520","Submyotodon latirostris","Myotis muricola latirostris"
"521","Submyotodon latirostris","Myotis muricola orii"
"522","Submyotodon latirostris","Myotis mystacinus latirostris"
"523","Myotis sibiricus","Myotis brandtii ssp. gracilis"
"524","Myotis sibiricus","Myotis mystacinus ssp. gracilis"
"525","Myotis montivagus","Myotis peytoni"
"526","Hipposideros tephrus","Hipposideros Hipposideros caffer tephrus"
"527","Myotis escalerai","Myotis escalerae"
"528","Myotis rufoniger","Myotis chofukusei"
"529","Myotis rufoniger","Myotis formosus chofukusei"
"530","Myotis rufoniger","Myotis formosus rufoniger"
"531","Myotis rufoniger","Myotis formosus tsuensis"
"532","Myotis rufoniger","Myotis formosus tsuensis"
"533","Myotis rufoniger","Myotis formosus watasei"
"534","Myotis rufoniger","Myotis formosus watasei"
"535","Myotis rufoniger","Myotis tsuensis"
"536","Myotis rufoniger","Vespertilio rufo-niger"
"537","Myotis weberi","Kerivoula weberi"
"538","Myotis weberi","Myotis formosus"
"539","Myotis weberi","Myotis formosus weberi"
"540","Myotis weberi","Myotis weberi"
"541","Pipistrellus grandidieri","Eptesicus flavescens"
"542","Pipistrellus grandidieri","Eptesicus (Neoromicia) flavescens"
"543","Pipistrellus grandidieri","Neoromicia flavescens"
"544","Pipistrellus grandidieri","Pipistrellus (Afropipistrellus) grandidieri"
"545","Pipistrellus grandidieri","Vesperugo (Vesperus) flavescens"
"546","Chiroderma vizottoi","Chiroderma vizzotoi"
"547","Anoura aequatoris","Anoura caudifer"
"548","Anoura aequatoris","Lonchoglossa wiedi"
"549","Anoura peruana","Anoura geoffroyi"
"550","Anoura peruana","Rhinchonycteris peruana"
"551","Sturnira angeli","Sturnira thomasi"
"552","Funambulus obscurus","Funambulus sublineatus"
"553","Paragalago granti","Galago granti"
"554","Paragalago granti","Galagoides granti"
"555","Paragalago granti","Galagoides nyasae"
"556","Erythrocebus baumstarki","Erythrocebus patas"
"557","Cercopithecus wolfi ssp. wolfi","Cercopithecus pogonias"
"558","Cercopithecus denti","Cercopithecus pogonias"
"559","Cercopithecus pogonias ssp. grayi","Cercopithecus pogonias"
"560","Cercopithecus wolfi ssp. pyrogaster","Cercopithecus pogonias"
"561","Cercopithecus wolfi ssp. elegans","Cercopithecus pogonias"
"562","Cercopithecus wolfi","Cercopithecus pogonias"
"563","Cercopithecus wolfi ssp. wolfi","Cercopithecus wolfi"
"564","Cercopithecus wolfi","Cercopithecus pogonias"
"565","Piliocolobus semlikiensis","Colobus badius"
"566","Piliocolobus semlikiensis","Colobus ellioti"
"567","Piliocolobus semlikiensis","Colobus multicolor"
"568","Piliocolobus semlikiensis","Colobus variabilis"
"569","Piliocolobus semlikiensis","Piliocolobus anzeliusi"
"570","Piliocolobus semlikiensis","Piliocolobus ellioti"
"571","Piliocolobus semlikiensis","Procolobus badius"
"572","Neoromicia isabella","Neoromicia cf. rendalli"
"573","Otomops harrisoni","Otomops martiensseni"
"574","Otomops harrisoni","Otomops martiensseni"
"575","Cryptotis niausa","Cryptotis niausia"
"576","Spalax antiquus","Spalax graecus"
"577","Sicista loriger","Sicista nordmanni"
"578","Sicista loriger","Sicista subtilis"
"579","Sicista loriger","Sminthus loriger"
"580","Crocidura absconditus","Crocidura abscondita"
"581","Tupaia hypochrysa","Tupaia ferruginea"
"582","Tupaia hypochrysa","Tupaia glis"
"583","Tupaia belangeri","Tupaia ferruginea"
"584","Tupaia hypochrysa","Tupaia ferruginea"
"585","Tupaia ferruginea","Tupaia glis"
"586","Tupaia ferruginea","Tupaia tephrura"
"587","Cryptomys mahali","Cryptomys hottentotus"
"588","Cryptomys natalensis","Cryptomys hottentotus"
"589","Cryptomys pretoriae","Cryptomys hottentotus"
"590","Otomys karoensis","Otomys saundersiae"
"591","Cricetomys ansorgei","Cricetomys adventor"
"592","Cricetomys ansorgei","Cricetomys cunctator"
"593","Cricetomys ansorgei","Cricetomys elongis"
"594","Cricetomys ansorgei","Cricetomys enguvi"
"595","Cricetomys ansorgei","Cricetomys gambianus"
"596","Cricetomys ansorgei","Cricetomys haagneri"
"597","Cricetomys ansorgei","Cricetomys osgoodi"
"598","Cricetomys ansorgei","Cricetomys selindensis"
"599","Cricetomys ansorgei","Cricetomys vaughan-jonesi"
"600","Hylopetes sagitta","Hylopetes lepidus"
"601","Hylopetes sagitta","Petinomys sagitta"
"602","Prosciurillus topapuensis","Callosciurus leucomus"
"603","Prosciurillus alstoni","Sciurus elbertae"
"604","Prosciurillus alstoni","Sciurus mowewensis"
"605","Prosciurillus alstoni","Sciurus sarasinorum"
"606","Prosciurillus alstoni","Sciurus tonkeanus"
"607","Crocidura nimbasilvanus","Crocidura goliath"
"608","Crocidura nimbasilvanus","Crocidura guineensis"
"609","Akodon caenosus","Akodon aliquantulus"
"610","Graomys chacoensis","Graomys centralis"
"611","Nectomys grandis","Nectomys magdalenae"
"612","Urocitellus nancyae","Spermophilus townsendii nancyae"
"613","Gazella arabica","Antilope arabica"
"614","Gazella arabica","Gazella gazella"
"615","Canis lupaster","Canis anthus"
"616","Plecturocebus miltoni","Callicebus miltoni"
"617","Plecturocebus cupreus","Callicebus cupreus"
"618","Plecturocebus toppini","Callicebus acreanus"
"619","Plecturocebus toppini","Callicebus cupreus"
"620","Plecturocebus toppini","Callicebus moloch"
"621","Felis lybica","Felis silvestris"
"622","Kerivoula crypta","Kerivoula hardwickii"
"623","Kerivoula crypta","Kerivoula malpasi"
"624","Cacajao ayresi","Cacajao melanocephalus"
"625","Cacajao hosomi","Cacajao melanocephalus"
"626","Cacajao melanocephalus","Simia melanocephala"
"627","Lagothrix lagothricha ssp. lagothricha","Lagothrix lagothricha"
"628","Lagothrix lagothricha","Lagothrix cana"
"629","Lagothrix lagothricha","Lagothrix lagotricha"
"630","Lagothrix lagothricha","Lagothrix lugens"
"631","Leontocebus fuscicollis ssp. fuscicollis","Leontocebus fuscicollis"
"632","Leontocebus nigrifrons","Leontocebus fuscicollis"
"633","Leontocebus weddelli ssp. weddelli","Leontocebus fuscicollis"
"634","Leontocebus fuscicollis","Saguinus fuscicollis"
"635","Saimiri cassiquiarensis ssp. cassiquiarensis","Saimiri cassiquiarensis"
"636","Tarsius fuscus","Tarsius fuscomanus"
"637","Cheirogaleus thomasi","Opolemur thomasi"
"638","Erythrocebus poliophaeus","Erythrocebus albigenus"
"639","Hypsugo ariel","Pipistrellus ariel"
"640","Loxodonta cyclotis","Loxodonta africana"
"641","Cheracebus torquatus","Callicebus torquatus"
"642","Cheracebus torquatus","Cheracebus purinus"
"643","Aselliscus dongbacanus","Aselliscus dongbacana"
"644","Neomys milleri","Neomys anomals"
"645","Talpa ognevi","Talpa caucasica"
"646","Talpa ognevi","Talpa romana"
"647","Talpa talyschensis","Talpa orientalis"
